{"chunk_definitions":[{"row":45,"row_count":1,"visible":true,"expansion_state":0,"options":{"engine":"r","label":"chunk options","echo":false,"dev":"png"},"document_id":"B4FB9D7B","chunk_id":"czow05mwuwzwq","chunk_label":"unnamed-chunk-1"},{"row":54,"row_count":1,"visible":true,"expansion_state":0,"options":{"engine":"r","label":"library","dev":"png"},"document_id":"B4FB9D7B","chunk_id":"cqg8tlsh7v0pd","chunk_label":"unnamed-chunk-2"},{"row":139,"row_count":1,"visible":true,"expansion_state":0,"options":{"engine":"r","label":"data preprocessing","dev":"png"},"document_id":"B4FB9D7B","chunk_id":"coo6hdsyyh0l4","chunk_label":"unnamed-chunk-3"},{"row":192,"row_count":1,"visible":true,"expansion_state":0,"options":{"engine":"r","label":"violin colors","dev":"png"},"document_id":"B4FB9D7B","chunk_id":"cqlkrm1ixfdyj","chunk_label":"unnamed-chunk-4"},{"row":238,"row_count":1,"visible":true,"expansion_state":0,"options":{"engine":"r","label":"violin  plot","dev":"png"},"document_id":"B4FB9D7B","chunk_id":"c8k3w1puozwvi","chunk_label":"unnamed-chunk-5"},{"row":284,"row_count":1,"visible":true,"expansion_state":0,"options":{"engine":"r","label":"type distrubution plot","dev":"png"},"document_id":"B4FB9D7B","chunk_id":"cmg9d8pfwov2v","chunk_label":"unnamed-chunk-6"},{"row":336,"row_count":1,"visible":true,"expansion_state":0,"options":{"engine":"r","label":"correlation matrix","dev":"png"},"document_id":"B4FB9D7B","chunk_id":"cngwxcah54xlt","chunk_label":"unnamed-chunk-7"},{"row":366,"row_count":1,"visible":true,"expansion_state":0,"options":{"engine":"r","label":"data splitting","dev":"png"},"document_id":"B4FB9D7B","chunk_id":"c8f3s0q7vajsj","chunk_label":"unnamed-chunk-8"},{"row":428,"row_count":1,"visible":true,"expansion_state":0,"options":{"engine":"r","label":"subset selection","dev":"png"},"document_id":"B4FB9D7B","chunk_id":"cls0gzytk8cmz","chunk_label":"unnamed-chunk-9"},{"row":459,"row_count":1,"visible":true,"expansion_state":0,"options":{"engine":"r","label":"lab 3 replication","dev":"png"},"document_id":"B4FB9D7B","chunk_id":"cnlgl6do2j475","chunk_label":"unnamed-chunk-10"},{"row":500,"row_count":1,"visible":true,"expansion_state":0,"options":{"engine":"r","label":"reg table","dev":"png"},"document_id":"B4FB9D7B","chunk_id":"cdc00gadun2sp","chunk_label":"unnamed-chunk-12"},{"row":543,"row_count":1,"visible":true,"expansion_state":0,"options":{"engine":"r","label":"regression plot","dev":"png"},"document_id":"B4FB9D7B","chunk_id":"cph5ixj2z5vva","chunk_label":"unnamed-chunk-13"}],"doc_write_time":1718123450,"chunk_rendered_width":700}