{"chunk_definitions":[{"row":45,"row_count":1,"visible":true,"expansion_state":0,"options":{"engine":"r","label":"chunk options","echo":false,"dev":"png"},"document_id":"B4FB9D7B","chunk_id":"czow05mwuwzwq","chunk_label":"unnamed-chunk-1"},{"row":52,"row_count":1,"visible":true,"expansion_state":0,"options":{"engine":"r","label":"library","dev":"png"},"document_id":"B4FB9D7B","chunk_id":"cqg8tlsh7v0pd","chunk_label":"unnamed-chunk-2"},{"row":137,"row_count":1,"visible":true,"expansion_state":0,"options":{"engine":"r","label":"data preprocessing","dev":"png"},"document_id":"B4FB9D7B","chunk_id":"coo6hdsyyh0l4","chunk_label":"unnamed-chunk-3"},{"row":190,"row_count":1,"visible":true,"expansion_state":0,"options":{"engine":"r","label":"violin colors","dev":"png"},"document_id":"B4FB9D7B","chunk_id":"cqlkrm1ixfdyj","chunk_label":"unnamed-chunk-4"},{"row":236,"row_count":1,"visible":true,"expansion_state":0,"options":{"engine":"r","label":"violin  plot","dev":"png"},"document_id":"B4FB9D7B","chunk_id":"c8k3w1puozwvi","chunk_label":"unnamed-chunk-5"},{"row":282,"row_count":1,"visible":true,"expansion_state":0,"options":{"engine":"r","label":"type distrubution plot","dev":"png"},"document_id":"B4FB9D7B","chunk_id":"cmg9d8pfwov2v","chunk_label":"unnamed-chunk-6"},{"row":333,"row_count":1,"visible":true,"expansion_state":0,"options":{"engine":"r","label":"correlation matrix","dev":"png"},"document_id":"B4FB9D7B","chunk_id":"cngwxcah54xlt","chunk_label":"unnamed-chunk-7"},{"row":363,"row_count":1,"visible":true,"expansion_state":0,"options":{"engine":"r","label":"data splitting","dev":"png"},"document_id":"B4FB9D7B","chunk_id":"c8f3s0q7vajsj","chunk_label":"unnamed-chunk-8"},{"row":425,"row_count":1,"visible":true,"expansion_state":0,"options":{"engine":"r","label":"subset selection","dev":"png"},"document_id":"B4FB9D7B","chunk_id":"cls0gzytk8cmz","chunk_label":"unnamed-chunk-9"},{"row":456,"row_count":1,"visible":true,"expansion_state":0,"options":{"engine":"r","label":"lab 3 replication","dev":"png"},"document_id":"B4FB9D7B","chunk_id":"cnlgl6do2j475","chunk_label":"unnamed-chunk-10"}],"doc_write_time":1717591032}